id,name
0,Manzanilla La Gitana
1,Pol Roger Rose 1998
2,Rosseau Chambertin 2001
3,Molino Real 2002
4,Raveneu Le Clos 1996
5,Viña Tondonia Blanco Reserva 1981
6,Vega Sicilia Unico 1989
7,JL Chave Hermitage 2001
8,Chateau Latour 1982
9,Le Grappin Bagnum Rose 2013
10,La Bota de Amontillado 1
11,ZAMPA SOIRÉE BRUT ROSÉ
12,CHAROSA SELECTIONS SAUVIGNON BLANC
13,FRATELLI SANGIOVESE BIANCO
14,Barton & Guestier 2014 Passeport
15,Orin Swift
16,Beaux Frères
17,Lewis
18,Antinori
19,Hartford Family
20,Hamilton Russell
21,Carlisle
22,M. Marengo
23,Merry Edwards
24,Condado de Haza
25,Arcanum
26,Turley
27,Cune
28,DuMOL
29,Fattoria di Felsina
30,Caymus
31,Charles Smith
32,Ramey
33,Quinta de Cabriz
34,Fournier Père & Fils
35,Bodegas Palacios Remondo
